annual_return,annual_vol,sharpe,max_drawdown,total_return,sortino,calmar,information_ratio
0.181340741995198,0.15132727524318906,1.1016198567174367,-0.15770833505177728,2.291126349416798,1.2517064494599919,1.1498488138604848,
