annual_return,annual_vol,sharpe,max_drawdown,total_return,sortino,calmar,information_ratio
-0.013091148567368704,0.07108779432421904,-0.18536583542288868,-0.08916285047071304,-0.03664422702023351,-0.17554201137047198,-0.1468229032411733,
