annual_return,annual_vol,sharpe,max_drawdown,total_return,sortino,calmar,information_ratio
0.009268876270730031,0.060249647226302404,0.1531353819004466,-0.05942401632438232,0.01778127421184328,0.12806284367357829,0.15597862352711608,
