annual_return,annual_vol,sharpe,max_drawdown,total_return,sortino,calmar,information_ratio
8.149320880201927e-05,0.000553279686501342,0.14728518605777272,-0.0011154474477238496,0.0006454158220996487,0.18487455787238463,0.07305876127854521,
