annual_return,annual_vol,sharpe,max_drawdown,total_return,sortino,calmar,information_ratio
0.03923583340950265,0.08296678373202866,0.46390380230366207,-0.06768008022801786,0.08687461218606218,0.5872627112532518,0.579724983736943,
