annual_return,annual_vol,sharpe,max_drawdown,total_return
0.1603147361453121,0.11231547509705572,1.3242624700045158,-0.11365970859215024,0.4028228305301338
