annual_return,annual_vol,sharpe,max_drawdown,total_return,sortino,calmar,information_ratio
1.051922939261582,0.0018322413435510536,392.85404821234835,0.0,0.1499999999999999,,,
