annual_return,annual_vol,sharpe,max_drawdown,total_return,sortino,calmar,information_ratio
-0.11816795011070769,0.11228847369075502,-1.1196366365100097,-0.29969741480782186,-0.26942703046497485,-1.522259642532131,-0.3942908556167619,
