annual_return,annual_vol,sharpe,max_drawdown,total_return,sortino,calmar,information_ratio
0.029668500004686793,0.012614893921957623,2.317784204482023,-0.004978711182540341,0.07176477071460474,2.8343996059959773,5.959072321513681,
