annual_return,annual_vol,sharpe,max_drawdown,total_return,sortino,calmar,information_ratio
0.18582718774437446,0.1101879211310781,1.5473404880687658,-0.06431153420606939,0.47804140128666006,2.4102618666606035,2.889484600832879,
